{
  "train_wfo_metrics": {
    "Sharpe": -12.934435914511138,
    "Sortino": -13.415288511522418,
    "MaxDrawdown": -0.8363812865165716,
    "Calmar": -0.8367720606045803,
    "WinRate": 0.3474426807760141,
    "ProfitFactor": 0.4882597915340428,
    "Trades": 1701,
    "FinalEquity": 165535.6313939982
  },
  "final_test_metrics": {
    "Sharpe": -1.425992988714223,
    "Sortino": -1.5449755272333054,
    "MaxDrawdown": -0.030983579868598565,
    "Calmar": -3.8268043758545063,
    "WinRate": 0.4,
    "ProfitFactor": 0.7886275319373134,
    "Trades": 5,
    "FinalEquity": 995258.9355252997
  },
  "train_wfo_total_opt_time_sec": 803.1422510147095,
  "test_wfo_total_opt_time_sec": 13.490713119506836,
  "full_train_optimization_time_sec": 162.18902969360352,
  "best_full_train_params": {
    "rsi_window": 16,
    "rsi_lower": 27,
    "rsi_upper": 83,
    "macd_fast": 8,
    "macd_slow": 28,
    "macd_signal": 14,
    "bb_window": 12,
    "bb_std": 2.9569370041441867,
    "bb_lower_pct": 0.19667041033345034,
    "bb_upper_pct": 0.9725074298149415,
    "sl": 0.01989000500019485,
    "tp": 0.05421174135187096,
    "capital_fraction": 0.24774197937140996
  }
}